time,scenario,experience,provenance
2026-08-27 13:07:58,"Instruction: pick up the green cube and put it on the orange tray
Scene: A green cube sits on the dark ridged table surface in the right-center area. To its left, across an open stretch of table, lies a flat orange rectangular tray. Further left near the edge are a laptop, a camera, and cables, with a person seated behind them.","Experience: Task: pick up the green cube and place it on the orange tray. The robot completed this in two steps. Step 1 (PICK): With an empty gripper, the robot reasoned that picking must come first. The green cube was isolated on the dark table with clear access, so it was grasped without needing a specific grasp section. Result: success, cube lifted off the table. Step 2 (PLACE): Now holding the cube, the robot reasoned that placing was the correct next action. It moved the cube left across the table to the orange tray and placed it at a central section for stability. Result: success, cube resting on tray, task completed with no objects knocked over or spilled and no harm to the nearby laptop, camera, cables, or seated person. Key lesson: For pick-and-place tasks, always sequence actions as PICK first (only when gripper is empty and target has clear access) then PLACE (only when an object is already grasped). Choose a central, flat, stable section of the target surface for placement. When transporting an object across the table past fragile or valuable items (laptops, cameras, cables) or a person, plan a path and placement that avoids collisions and spills. Similar scenarios: moving any small graspable object onto a tray, plate, or platform. Following the PICK-then-PLACE order and verifying the gripper state before each action prevents failures such as attempting to place without holding an object or attempting to pick when already holding one."
2026-08-27 13:59:40,"Instruction: pick up the wooden cube and put it on the orange tray
Scene: A small wooden cube rests on the dark corrugated table surface toward the right-center of the workspace. To its left sits an orange rectangular tray. Open table space separates the cube from the tray. In the upper-left, a person is working on a laptop, and various cables and electronics occupy the lower-left corner of the table.","Experience: Task: Pick up the wooden cube and place it on the orange tray. Scene: an isolated wooden cube on the right-center of a dark ribbed table, an empty orange tray to its left, with a person, laptop, camera, and cables in the upper/lower-left corners.

Steps taken:
1. Time_step 1 (PICK): Gripper was empty, so the robot chose to pick first. The cube was isolated with clear access, so no specific grasp section was required. Result: SUCCESS - the cube was grasped and lifted off the table; tray still empty; task not yet complete.
2. Time_step 2 (PLACE): Gripper was holding the cube, so the robot chose to place. It placed the cube on the central, flat, stable section of the orange tray, deliberately avoiding the fragile laptop, camera, cables, and the person on the left. Result: SUCCESS - the cube rested on the tray center, nothing was knocked over or dropped; TASK COMPLETED.

Key lessons learned:
- Determine the next action from gripper state: if the gripper is EMPTY, PICK first; if it is HOLDING the target, PLACE next. Never attempt to place before a successful pick.
- For an isolated object with clear access, no specific grasp section is needed; grasping a normal-sized cube directly works.
- When placing, target a central, flat, stable section of the destination surface for stability.
- Maintain awareness of fragile items (laptop, camera, cables) and any nearby person; route and place to avoid collisions or displacement.

Similar future scenarios and recommended sequencing: For any pick-and-place of a graspable object onto a tray/surface, (1) confirm gripper is empty and pick the isolated target, (2) verify the pick succeeded, (3) place at the destination's central stable region while avoiding fragile objects and people. Following this PICK-then-PLACE order with careful placement reliably completes the task without failure."
2026-08-27 14:10:12,"Instruction: pick up the wooden cube and put it on the green plate
Scene: A dark ribbed metal table holds a small wooden cube in the center-right area and a light green square plate to its left. The cube sits a short distance to the right of and slightly lower than the green plate on the open table surface. To the left in the background are a laptop keyboard, cables, and a camera, with a person in a yellow shirt seated beyond the table.","Experience: Task: pick up the wooden cube and place it on the green plate. The scene had an isolated wooden cube on the right-center of a dark ribbed table and a green plate to its left, with a laptop, camera, cables, and a seated person in the left background.

Steps taken:
1. Time_step 1 - Chose PICK on the 'wooden cube' (empty gripper, so pick first; direct grasp, no specific section). Result: FAILED. Skill aborted due to ambiguous detection: two 'wooden cube' candidates (0.38 vs 0.36), margin 0.02 < 0.15. The cube was not moved. The human operator likely reset the scene.
2. Time_step 2 - Retried the same PICK on the 'wooden cube' (direct grasp, no specific section), reasoning the prior failure was perceptual, not physical, and the reset scene now showed a single clearly isolated cube. Result: SUCCESS; cube lifted from the table.
3. Time_step 3 - With the cube held, chose PLACE onto the center of the green plate (holding -> place next; target central stable region; route avoids laptop, camera, cables, and person). Result: SUCCESS; cube landed on the plate (slightly off-center but clearly on it). Task COMPLETED.

Key lessons learned:
- Sequence actions by gripper state: if the gripper is empty, PICK first; if holding an object, PLACE before grasping anything else.
- Distinguish perception faults from physical faults. An 'ambiguous detection' error (near-equal confidences below the required margin) means the action never physically executed. The correct recovery is to RETRY the same action, not to change grasp strategy or grasp section. A scene reset or a clearer/single-object view resolves the ambiguity.
- For direct grasps of an isolated object, a specific grasp section is unnecessary.
- When placing, aim for the central, flat, stable region of the destination surface for stability, and route the arm to avoid fragile items (laptop, camera, cables) and any person nearby.
- Similar future scenarios (any pick-and-place of a cube or small object onto a plate/tray) should follow this pattern: verify gripper state, pick the isolated object directly, retry unchanged on ambiguous-detection failures, then place at the destination's center while avoiding obstacles."
2026-08-27 15:06:20,"Instruction: push the rectangular block left
Scene: A white rectangular block rests near the center-right on a dark, ribbed metallic surface. Scattered small metallic clips and hardware pieces surround the block. To the left is a desk area with a person in a yellow shirt using a keyboard, along with a cup, headphones, and cables. Open space lies immediately to the left of the block along the ribbed surface.","Experience: Task: push the white rectangular block left on a dark ribbed metal table (empty gripper, block near center-right, open space to the left, fragile items and a person on the left to avoid).

Step-by-step actions and feedback:
- Time_step 1: Chose PUSH, target 'rectangular block', direction 'left'. FAILED with 'implausible mask ... covers 53.56%% of image (expected 0.1-40%%)' - a perception/segmentation fault. Evaluation: block did not move; task not complete. Scene likely reset.
- Time_step 2: Retried the identical PUSH (target 'rectangular block', direction 'left'), correctly treating step 1 as a perception fault. FAILED with 'gripper homing failed - check Desk shows the end effector connected' - a hardware fault. Evaluation: block did not move; task not complete. Scene likely reset.
- Time_step 3: Retried the identical PUSH again, treating prior failures as non-physical (perception + hardware). FAILED with 'push: no response to goal request within 120.0s' - a software/timeout fault. Evaluation: block did not move; task not complete. Scene likely reset.
- Time_step 4: Retried the identical PUSH once more, treating all three prior failures as non-physical faults where the push never executed. SUCCEEDED - the block clearly shifted up and to the left. Task completed.

Key lesson learned: When a skill fails, first classify the failure. Non-physical faults - perception/segmentation errors (e.g., 'implausible mask' from a reflective or mis-segmented surface), hardware faults (e.g., 'gripper homing failed'), and software/timeout faults (e.g., 'no response to goal request within 120s') - mean the action never physically executed and the target did not move (confirm via before/after comparison). The correct recovery for all of these is to RETRY the SAME action unchanged after the fault clears / scene resets, rather than switching skill, target, or direction. Do NOT abandon a valid plan just because of repeated non-physical faults; persistence with the correct action (here PUSH left with an empty gripper) eventually succeeds. Only change strategy if the action physically executed but failed to achieve the goal (a genuine physical failure). Similar future scenarios: pushing/pick-and-place tasks on reflective or cluttered surfaces where segmentation may mis-fire, or when transient hardware/comms timeouts occur - keep the correct skill choice and retry. Throughout, continue choosing PUSH (non-prehensile) for shove tasks when the gripper is empty, keep the correct target and direction, and avoid disturbing fragile items (laptop, camera, cables) and the person to the left."
2026-08-27 15:12:33,"Instruction: push the white block left
Scene: A white rectangular block rests near the center-left of a dark ridged metallic table, with open surface space to its left. Several small metallic clips are scattered to the right of the block. Further away at the top of the table is a white object with green markings. To the far left, a seated person and a laptop, keyboard, cables, and a webcam occupy the near edge of the workspace.","Experience: Task: push the white block left. Scene: white rectangular block near center-left of a dark ridged metal table, open space to its left, small metal clips to its right, a person and laptop/cables far to the left.

Steps taken:
1. Time_step 1 - The robot reasoned that for a shove task with an empty gripper, PUSH is the correct skill. It chose skill=push, target_object='white rectangular block', push_direction='left', and did not set placement fields. It planned to avoid the fragile clips and the person on the left.
2. Feedback: Skill execution reported a fault - 'push aborted: no object matched white rectangular block above 0.35 confidence' (a perception/segmentation fault, non-physical).
3. Evaluation: Despite the reported fault, the block actually shifted upward and to the left, no objects were knocked over or broken. The action was judged successful and the task completed.

Lesson learned: For left/right shove tasks with an empty gripper, PUSH with the correct push_direction is the right skill and no placement fields are needed. Perception/segmentation faults (e.g., 'no object matched above confidence threshold'), hardware faults, or timeouts are NON-PHYSICAL - they indicate the action may not have registered, not that the task truly failed. In such cases, verify the actual scene state before concluding failure, and if the object genuinely did not move, retry the same PUSH unchanged (optionally with a simpler object label to improve match confidence). Always route the push to keep fragile items (metal clips) and any nearby person clear of the object's path. Similar scenarios: pushing any block left/right on cluttered tables, or shoving objects near people/fragile items - keep the same reasoning and always confirm the post-action scene rather than trusting a lone fault message."
2026-08-27 15:19:37,"Instruction: push the green cub left
Scene: A green cube rests on a dark, ridged metallic table surface near the center-right of the frame. The area to the left of the cube is open and clear of obstacles. Farther to the left, off the main table, a person is seated working at a laptop with headphones and cables nearby.","Experience: Task: push the green cube left. Scene: green cube on right-center of a dark ribbed metallic table with open space to its left; small metallic clips/cables nearby and a person working at a laptop off to the far left. Steps taken: (1) At time_step 1, the robot confirmed the gripper was empty and selected the PUSH skill (non-prehensile) with target_object='green cube' and push_direction='left'; it reasoned open space existed to the left, no placement fields were needed (not pick-and-place), and it planned the motion along the open surface to avoid the fragile clips, cables, laptop, and the person. Result: evaluation confirmed the cube moved noticeably left with no other objects disturbed; action successful and task completed. Lesson learned: For 'push X left/right' tasks with an empty gripper and clear space in the push direction, a single PUSH action with the correct push_direction is sufficient and reliable; do not add placement fields for push tasks. Always verify the gripper is empty (use PUSH, not pick-and-place), confirm the target direction is unobstructed, and route the push to keep fragile items, cables, and people clear. If a failure occurs due to perception/hardware/software (non-physical) faults, retry unchanged; only change strategy if the object genuinely fails to move physically. This sequence generalizes to similar block-pushing scenarios."
2026-08-27 15:22:00,"Instruction: push the yellow bottle left
Scene: A yellow squeeze bottle rests on its side on a dark ridged metallic table, located in the upper-central right region. The space immediately to the left of the bottle is open and clear. Further to the left are a laptop being used by a person in a yellow shirt, along with a webcam and cables clustered near the lower-left corner of the table.","Experience: Task: push the yellow bottle left. Scene: a yellow squeeze bottle lay near the center-right of a dark ribbed metallic table, with open clear space to its left; farther left were a laptop, keyboard, cables, and webcam, plus a person in a yellow shirt seated behind them.

Steps taken:
1) The robot analyzed the task as a lateral shove with an empty gripper, selecting PUSH as the correct non-prehensile skill. It noted the rounded, soft squeeze bottle is a poor PICK candidate, reinforcing PUSH. It confirmed open space to the left and planned to route the shove there to avoid the laptop, cables, webcam, and seated person. It set target_object to 'yellow bottle', push_direction to 'left', and omitted placement fields (not needed for a push). It executed the push left along the open surface.

Outcome: Success. The bottle moved left and settled lying more flatly; no objects were knocked over, dropped, or broken. Task completed in a single step.

Key lessons: For 'push X left/right/forward/back' tasks, use PUSH with an empty gripper and set only the target_object and push_direction; do not set placement fields. Prefer PUSH over PICK for rounded, soft, or squeeze-type objects that are hard to grasp. Always verify the push corridor is clear and route the shove through open space to avoid fragile items (laptops, cables, webcams) and people. If a non-physical fault occurs, retry the identical PUSH unchanged. Similar future scenarios (pushing blocks, cubes, or bottles laterally) should follow the same sequence: confirm empty gripper, confirm clear direction, choose PUSH, specify direction, and execute."
2026-08-27 15:29:49,"Instruction: pick up the wooden cube and put it on the orange tray
Scene: A small wooden cube rests on the dark ridged table surface on the right side. To its upper-left is a yellow squeeze bottle. An orange rectangular tray is positioned to the left of the cube on the table. Further left, a person is working at a laptop, with cables and small items near the left edge of the table.","Experience: Task: pick up the wooden cube and place it on the orange tray. Scene: an isolated wooden cube on the right side of a dark ridged table, a yellow squeeze bottle above it, an orange tray to the left, and a person working at a laptop with a camera and cables on the far left.

Steps taken:
1) Time_step 1 (PICK): Gripper was empty, so the robot chose to pick first. It performed a direct top grasp on the wooden cube (no specific grasp section needed because the cube was a normal size, isolated, and had clear access; the yellow bottle above it did not block the grasp). Result: SUCCESS - cube lifted from the table; task not yet complete.
2) Time_step 2 (PLACE): Gripper was now holding the cube, so the robot chose to place. It placed the cube on the central, flat, stable section of the orange tray, routing the arm across open table space to avoid the laptop, camera, cables, and the seated person on the left. Result: SUCCESS - cube placed on the tray; task complete.

Key lesson learned: For pick-and-place tasks, always sequence actions by gripper state - if the gripper is empty, PICK first; if it is holding an object, PLACE next. Grasp isolated, normal-sized objects with a direct top grasp without needing a specific section. Place objects at the central, flat, stable region of the destination for stability. Always route the arm to avoid fragile or sensitive obstacles (laptops, cameras, cables) and people. 

Similar future scenarios: any single-object transfer onto a tray, plate, or container where the object starts isolated and the destination is across open space near fragile items or a person. Apply the same order: PICK (direct grasp) then PLACE (central stable region with a safe path). If a pick or place fails due to ambiguous detection, retry the same action unchanged."
2026-08-28 10:11:11,"Instruction: pick up the green cube and put it on the orange tray
Scene: A green cube rests on the dark ridged metal table surface in the right-center area. To its left, across an open stretch of table, sits an orange rectangular tray. Farther to the left near the table edge is a keyboard being used by a person, along with a small cylindrical object and a red block.","Experience: Task: pick up the green cube and put it on the orange tray. Scene: green cube on right-center of a dark ridged table, orange tray to its left across open table space, with a keyboard, camera, cables, small cylinder, red block, and a seated person near the left edge.

Steps taken:
1. PICK (time_step 1): Gripper was empty, so the robot began with a PICK. The green cube was isolated with clear access, so it used a direct top grasp with no specific section. Result: SUCCESS - cube lifted into gripper, no objects disturbed. Task not yet complete.
2. PLACE (time_step 2): Gripper was holding the cube, so the robot performed a PLACE onto the orange tray, targeting the tray's central flat stable section (placement_object = orange tray, specific section = true). Result: SUCCESS - cube placed on tray center, nothing else disturbed. Task COMPLETED.

Key lessons learned:
- Gripper-state sequencing is critical: PICK first when the gripper is empty, then PLACE once the target is held. Never attempt a second grasp while holding an object.
- For an isolated target with clear access, a direct top grasp (no specific section) is reliable.
- When placing, aim for the central, flat, stable region of the target surface to ensure stability.
- Always route the arm across open table space to avoid fragile items (laptop, keyboard, camera, cables) and any nearby person.

Similar future scenarios and correct sequencing: For any 'pick up X and put it on Y' task (e.g., colored cubes onto trays or surfaces), verify the gripper state first. If empty, PICK the isolated object with a direct grasp; if holding, PLACE onto the named surface's central stable section. Maintain collision-free paths around people and delicate equipment to complete the task without failure."
2026-08-28 10:39:03,"Instruction: pick up the green cube and put it on the orange tray
Scene: A dark ridged table holds a green cube in the center-right area. Above and slightly to the right of the green cube is a red cube. To the left, an orange rectangular tray rests on a lighter surface beside a keyboard, where a person is seated. The green cube sits between the tray on the left and the red cube on the upper right, with open table space separating them.","Experience: Task: 'pick up the green cube and put it on the orange tray.' Scene: green cube isolated in center-right with clear access, red cube above-right, orange tray on the left near a keyboard, lens, cables, and a seated person.

Steps taken:
1. PICK (time_step 1): With the gripper empty, the robot picked the green cube using a direct top grasp (no specific section) since it was isolated, normally sized, and unobstructed by the nearby red cube. Result: SUCCESS - cube lifted, no other objects displaced, tray unmoved. Task not yet complete.
2. PLACE (time_step 2): With the cube now held, the robot placed it onto the central, flat, stable section of the orange tray, routing the arm across open table space to avoid the keyboard, lens, cables, and person. Result: SUCCESS - cube resting on tray center, nothing knocked over. Task COMPLETED.

Key lessons learned:
- Sequence by gripper state: PICK first when the gripper is empty; PLACE next once holding an object. Never attempt PLACE with an empty gripper or a second PICK while already holding something.
- For an isolated, normally-sized object with clear access, a direct top grasp with no specific section is reliable.
- When placing onto a tray or platform, target the central flat stable section for stability.
- Route the arm through open table space to avoid obstacles (keyboards, lenses, cables) and any seated person.
- Nearby objects (like the red cube) that do not block the grasp can be ignored.

Future similar scenarios: For any 'pick object X and place on surface Y' task, verify gripper state first, PICK the isolated object with a direct top grasp, then PLACE on the central stable section of the target surface while routing through clear space. If an ambiguous-detection failure occurs during PICK, retry the same action unchanged."
2026-08-28 11:04:31,"Instruction: pick up the yellow cube and put it on the blue bowl. pick up the green cube and put it on the red bowl
Scene: On a dark ribbed table, a yellow cube sits near the center-right. Below and to its left is a green cube near the center. An empty red bowl rests on the left side of the table, to the left of the green cube. An empty light blue bowl is on the right side, to the right of the yellow cube. A person is seated at the far left using a keyboard.","Experience: Task: pick yellow cube onto blue bowl, then pick green cube onto red bowl. Scene: yellow cube center-right, green cube center, red bowl left, blue bowl right, person with keyboard/cables/camera at far left. All four actions succeeded and the full task completed.

Step-by-step actions and feedback:
1) PICK yellow cube via direct top grasp (gripper empty). SUCCESS: yellow cube lifted off table into gripper; green cube, red bowl, blue bowl undisturbed. Task not yet complete.
2) PLACE held yellow cube onto central stable section of blue bowl (gripper holding). SUCCESS: yellow cube resting inside blue bowl; nothing spilled. Task not yet complete.
3) PICK green cube from center via direct top grasp (gripper empty again). SUCCESS: green cube lifted into gripper; yellow cube stayed in blue bowl, red bowl still empty. Task not yet complete.
4) PLACE held green cube onto central stable section of red bowl (gripper holding). SUCCESS: green cube resting inside red bowl, yellow cube still in blue bowl. TASK COMPLETED.

Key lessons learned:
- Sequence by gripper state: PICK only when the gripper is empty; PLACE only when holding an object. Never attempt to grasp a new object while still holding one.
- Complete each sub-goal fully (pick then place) before starting the next sub-goal. For multi-step tasks, do pick-place-pick-place rather than interleaving grasps.
- For isolated, normally-sized, distinctly-colored cubes with clear surrounding space, a direct top grasp with no specific section is reliable; no color ambiguity between distinct colors like yellow and green.
- When placing into a bowl or onto a surface, target the central stable section to avoid tipping or spills.
- Route the arm across open table space to avoid obstacles such as a seated person, keyboard, cables, and camera on the left side.

Similar future scenarios: any multi-object pick-and-place onto containers should apply this same PICK-when-empty / PLACE-when-holding ordering, finish one item before the next, use central placement, and plan collision-free paths around people and equipment to complete the task without failure."
2026-08-28 11:34:50,"Instruction: push the red bowl to left, then pick up the green cube and put it on the blue bowl
Scene: On a dark ridged table, a red bowl sits in the right-center area. A green cube rests just below and slightly left of the red bowl. A light blue bowl is located to the lower-left of the green cube. Farther left near the keyboard are a yellow cube and a small black container.","Experience: Instruction: push the red bowl to the left, then pick up the green cube and place it on the blue bowl. The robot completed the task in three ordered actions, all successful.

Steps taken:
1. PUSH the red bowl to the left. Reasoning: a wide round bowl cannot be reliably grasped by a two-finger gripper, so PUSH is correct; pushing left also cleared space around the green cube. Result: red bowl moved left (from ~x=700 to ~x=600); nothing knocked over. Success.
2. PICK the green cube from the table. Reasoning: a small uniform cube is graspable, gripper was empty, no specific grasp section needed. Result: cube lifted and held. Success.
3. PLACE the held green cube on top of the blue bowl, centered (should_place_at_specific_section=true). Reasoning: placing into/onto a bowl must target the bowl center for stability. Result: green cube resting inside blue bowl, gripper returned empty. Success. Task completed.

Key lessons learned:
- Match the skill to object geometry: use PUSH for wide, round, or ungraspable items like bowls; use PICK for small graspable objects like cubes.
- Follow the explicit ordering in multi-step instructions (do the push before the pick-and-place).
- When placing an object onto or into a bowl, aim for the center to ensure stability.
- Sequencing the push first can also clear clutter and make the subsequent pick-and-place cleaner.

Similar future scenarios: any task mixing a 'push a bowl/plate' step with a 'pick a block and put it in/on a container' step should follow the same pattern: (1) PUSH the bowl in the named direction, (2) PICK the small object when the gripper is empty, (3) PLACE it centered on the target container. This ordering avoids collisions and grasp failures."
